claim_id,section,page,source_line,search_term,claim_text,claim_type,evidence_source,evidence_location,status,action,revised_text,reviewer_item
C001,,,45,finality,"\abstract{Distributed certification systems offer transparency and verifiability in digital credential management, but large-scale deployment remains limited by the cost, latency, ",BOUNDED / QUALIFIED,explicit NOT-measured caveat,§3.4/§5.2/limitations,retained,bounded,,"R1-22,R2-08"
C002,,,63,finality,NFTCowCert V2 is implemented on the zkSync validity-rollup environment and evaluated under controlled workloads using standardized and reproducible benchmarks. Experimental results,BOUNDED / QUALIFIED,explicit NOT-measured caveat,§3.4/§5.2/limitations,retained,bounded,,"R1-22,R2-08"
C003,,,103,finality,"Underlying these deployments, ZK-Rollup protocols such as zkSync batch off-chain transactions and submit succinct cryptographic proofs (zk-SNARKs or zk-STARKs) to Ethereum for fina",SUPPORTED — VERIFIED LITERATURE,background zkSync description,§2,retained,none,,-
C004,,,300,finality,"This measurement deliberately terminates at receipt observation. It therefore \emph{does not} include the subsequent stages of the rollup transaction lifecycle---batch inclusion, p",BOUNDED / QUALIFIED,explicit NOT-measured caveat,§3.4/§5.2/limitations,retained,bounded,,"R1-22,R2-08"
C005,,,309,finality,\hspace{2.4cm}$\rightarrow$ L1 submission $\rightarrow$ L1 confirmation/finality \\,SUPPORTED — VERIFIED LITERATURE,background zkSync description,§2,retained,none,,-
C006,,,444,finality,"Across all evaluated workloads, zkSync Era achieved low and stable transaction-receipt latency for certificate operations. For state-changing operations---mint, transfer, block, an",BOUNDED / QUALIFIED,explicit NOT-measured caveat,§3.4/§5.2/limitations,retained,bounded,,"R1-22,R2-08"
C007,,,459,finality,"By contrast, baseline measurements on Ethereum Sepolia exhibited substantially higher L1 transaction-receipt latency, with a median exceeding $12~\mathrm{s}$ under comparable bench",BOUNDED / QUALIFIED,explicit NOT-measured caveat,§3.4/§5.2/limitations,retained,bounded,,"R1-22,R2-08"
C008,,,633,finality,"Fourth, the latency measurements terminate at transaction-receipt observation. They are measured from RPC transaction submission to the availability of the corresponding transactio",BOUNDED / QUALIFIED,explicit NOT-measured caveat,§3.4/§5.2/limitations,retained,bounded,,"R1-22,R2-08"
C009,,,55,real-world,"Despite these advantages, blockchain-based certification systems face practical challenges that extend beyond simple data immutability. Certificates are not static digital objects;",SUPPORTED — EXPERIMENT,real Brahman cattle metadata; V1 context,§1/§4/§7,retained,none,,-
C010,,,57,real-world,"The need for trustworthy digital certification arises across many application areas. In education, blockchain-based certificates can protect academic credentials and enable instant",SUPPORTED — EXPERIMENT,real Brahman cattle metadata; V1 context,§1/§4/§7,retained,none,,-
C011,,,90,real-world,"While NFTCowCertV1 demonstrated proof-of-concept feasibility, real-world deployments exposed critical limitations. High gas fees on Ethereum Mainnet (\$50$ -\$200$ per transaction ",SUPPORTED — EXPERIMENT,real Brahman cattle metadata; V1 context,§1/§4/§7,retained,none,,-
C012,,,394,real-world,Each batch yields $N$ independent transaction observations at the application level. This design enables statistically meaningful inference through distributional analysis of per-t,SUPPORTED — EXPERIMENT,real Brahman cattle metadata; V1 context,§1/§4/§7,retained,none,,-
C013,,,694,real-world,"The empirical evaluation, conducted using a livestock pedigree certification use case with real-world Brahman cattle metadata, provides controlled and reproducible evidence of syst",SUPPORTED — EXPERIMENT,real Brahman cattle metadata; V1 context,§1/§4/§7,retained,none,,-
C014,,,99,production,Recent efforts have begun to move certificate and record systems onto Layer-2 (L2) and zero-knowledge execution environments. Krishnan and Ganesan~\cite{krishnan2025dairy} proposed,BOUNDED / QUALIFIED,"production = consideration, not evaluated",§4.3/§6,retained,bounded,,R2-06
C015,,,579,production,These improvements should be interpreted as a consequence of architectural trade-offs rather than inherent limitations of Layer-1. Ethereum L1 prioritizes maximal decentralization ,BOUNDED / QUALIFIED,"production = consideration, not evaluated",§4.3/§6,retained,bounded,,R2-06
C016,,,602,production,The evaluated prototype uses a local IPFS node (HTTP API at \texttt{localhost:5001}) for controlled metadata publication and retrieval. Metadata is content-addressed: the returned ,BOUNDED / QUALIFIED,"production = consideration, not evaluated",§4.3/§6,retained,bounded,,R2-06
C017,,,631,production,"Third, all cost/fee figures are derived from public-testnet measurements (Ethereum Sepolia and zkSync Era Sepolia). Effective gas prices and the resulting native-token fee estimate",BOUNDED / QUALIFIED,"production = consideration, not evaluated",§4.3/§6,retained,bounded,,R2-06
C018,,,687,production,"Future work will extend this evaluation to mainnet environments with repeated-batch execution, integrate decentralized identity primitives such as Verifiable Credentials (VCs) and ",BOUNDED / QUALIFIED,"production = consideration, not evaluated",§4.3/§6,retained,bounded,,R2-06
C019,,,698,production,"Future work will extend this study by incorporating mainnet deployments with repeated-batch execution, integrating decentralized identity primitives such as decentralized identifie",BOUNDED / QUALIFIED,"production = consideration, not evaluated",§4.3/§6,retained,bounded,,R2-06
C020,,,45,98\%,"\abstract{Distributed certification systems offer transparency and verifiability in digital credential management, but large-scale deployment remains limited by the cost, latency, ",SUPPORTED — EXPERIMENT,fee reduction 98.2-98.7% matched mint,results/final,retained,none,,"R1-25,R2-10"
C021,,,182,guarantee,"The constraints above define $\delta$ as a \emph{partial} transition function over $S_{\bot} \times A$: it is specified only for the valid (state, action) pairs enumerated above, a",BOUNDED / QUALIFIED,context-dependent; audited for scope,various,retained,bounded,,-
C022,,,263,guarantee,"Therefore, the semantic integrity of certificate state transitions remains invariant under substitution of execution infrastructures (e.g., Layer-1, zkRollup, or permissioned block",BOUNDED / QUALIFIED,context-dependent; audited for scope,various,retained,bounded,,-
C023,,,579,guarantee,These improvements should be interpreted as a consequence of architectural trade-offs rather than inherent limitations of Layer-1. Ethereum L1 prioritizes maximal decentralization ,BOUNDED / QUALIFIED,context-dependent; audited for scope,various,retained,bounded,,-
C024,,,589,guarantee,"Prior studies have explored blockchain-based credentialing in educational and industrial contexts~\cite{cheng2018blockchain,zhao2021nftcert,hawashin2024blockchain}. More recent wor",BOUNDED / QUALIFIED,context-dependent; audited for scope,various,retained,bounded,,-
C025,,,596,guarantee,"Validity rollups provide strong correctness guarantees by requiring that all state transitions within a transaction batch satisfy a predefined transition function $f(\cdot)$, which",BOUNDED / QUALIFIED,context-dependent; audited for scope,various,retained,bounded,,-
C026,,,602,guarantee,The evaluated prototype uses a local IPFS node (HTTP API at \texttt{localhost:5001}) for controlled metadata publication and retrieval. Metadata is content-addressed: the returned ,BOUNDED / QUALIFIED,context-dependent; audited for scope,various,retained,bounded,,-
C027,,,604,guarantee,"Furthermore, certain zk-SNARK constructions employed in contemporary rollup systems rely on trusted setup assumptions. Although these setups are typically executed under multi-part",BOUNDED / QUALIFIED,context-dependent; audited for scope,various,retained,bounded,,-
C028,,,133,permanent,{\footnotesize \textit{*}~Permanent revocation is defined only as a conceptual framework extension and is not implemented or evaluated in the NFTCowCert V2 prototype.},BOUNDED / QUALIFIED,context-dependent; audited for scope,various,retained,bounded,,-
C029,,,180,permanent,"A read-only query operation, \textit{fetch}, is used to inspect certificate state but is not a lifecycle transition and therefore does not belong to $A$. Permanent \textit{revocati",BOUNDED / QUALIFIED,context-dependent; audited for scope,various,retained,bounded,,-
C030,,,189,permanent,"\caption{Evaluated lifecycle state machine: issue creates an Active certificate, transfer preserves Active, and suspend/reinstate toggle Active$\leftrightarrow$Suspended. Permanent",BOUNDED / QUALIFIED,context-dependent; audited for scope,various,retained,bounded,,-
C031,,,334,permanent,"The off-chain layer $L_{offchain}$ is realized by a deterministic replay component that consumes the lifecycle-relevant events emitted by the contract---\texttt{CertIssued}, the ER",BOUNDED / QUALIFIED,context-dependent; audited for scope,various,retained,bounded,,-
C032,,,631,permanent,"Third, all cost/fee figures are derived from public-testnet measurements (Ethereum Sepolia and zkSync Era Sepolia). Effective gas prices and the resulting native-token fee estimate",BOUNDED / QUALIFIED,context-dependent; audited for scope,various,retained,bounded,,-
C033,,,18,scalab,\title[A Scalable Distributed Certification Framework Leveraging Layer-2 Rollups]{A Scalable Distributed Certification Framework Leveraging Layer-2 Rollups: Architecture Design and,BOUNDED / QUALIFIED,context-dependent; audited for scope,various,retained,bounded,,-
C034,,,45,scalab,"\abstract{Distributed certification systems offer transparency and verifiability in digital credential management, but large-scale deployment remains limited by the cost, latency, ",BOUNDED / QUALIFIED,context-dependent; audited for scope,various,retained,bounded,,-
C035,,,57,scalab,"The need for trustworthy digital certification arises across many application areas. In education, blockchain-based certificates can protect academic credentials and enable instant",BOUNDED / QUALIFIED,context-dependent; audited for scope,various,retained,bounded,,-
C036,,,59,scalab,"Prior research has demonstrated the feasibility of blockchain-based certificates but often relies on Layer-1 (L1) platforms such as Ethereum, where high transaction fees, limited t",BOUNDED / QUALIFIED,context-dependent; audited for scope,various,retained,bounded,,-
C037,,,61,scalab,"In this work, we introduce NFTCowCert V2, a Layer-2-based framework for scalable blockchain e-certification. The framework is architecturally designed to be domain-extensible, and ",BOUNDED / QUALIFIED,context-dependent; audited for scope,various,retained,bounded,,-
C038,,,98,scalab,\subsection{Layer-2 and Scalable Certification},BOUNDED / QUALIFIED,context-dependent; audited for scope,various,retained,bounded,,-
C039,,,101,scalab,General-purpose L2 platforms have also been considered for identity and supply-chain uses: Polygon zkEVM for decentralized identity and supply-chain systems~\cite{polygon2024zkEVM},BOUNDED / QUALIFIED,context-dependent; audited for scope,various,retained,bounded,,-
C040,,,145,scalab,"This section presents a formally defined, lifecycle-centric, and execution-layer-decoupled architectural framework for scalable, verifiable, and auditable blockchain-based e-certif",BOUNDED / QUALIFIED,context-dependent; audited for scope,various,retained,bounded,,-
C041,,,265,scalab,"Taken together, the proposed framework establishes a formally defined and execution-layer-decoupled architectural foundation for scalable and verifiable e-certificate systems.",BOUNDED / QUALIFIED,context-dependent; audited for scope,various,retained,bounded,,-
C042,,,318,scalab,"This workload-scaling design enables evaluation of system behavior under progressively larger certificate sets, providing insight into scalability characteristics beyond single-bat",BOUNDED / QUALIFIED,context-dependent; audited for scope,various,retained,bounded,,-
C043,,,328,scalab,"Because each operation was executed on distinct certificate instances and system state size increased during execution, the evaluation reflects scalability across growing certifica",BOUNDED / QUALIFIED,context-dependent; audited for scope,various,retained,bounded,,-
C044,,,618,scalab,"From a system design perspective, scalability improvements achieved through Layer-2 execution must be interpreted alongside corresponding trust assumptions. In particular, increase",BOUNDED / QUALIFIED,context-dependent; audited for scope,various,retained,bounded,,-
C045,,,687,scalab,"Future work will extend this evaluation to mainnet environments with repeated-batch execution, integrate decentralized identity primitives such as Verifiable Credentials (VCs) and ",BOUNDED / QUALIFIED,context-dependent; audited for scope,various,retained,bounded,,-
C046,,,698,scalab,"Future work will extend this study by incorporating mainnet deployments with repeated-batch execution, integrating decentralized identity primitives such as decentralized identifie",BOUNDED / QUALIFIED,context-dependent; audited for scope,various,retained,bounded,,-
C047,,,700,scalab,"Overall, this work establishes a reproducible and empirically grounded foundation for Layer-2-based certification systems. The results demonstrate that lifecycle-aware certificatio",BOUNDED / QUALIFIED,context-dependent; audited for scope,various,retained,bounded,,-
C048,,,72,tamper-proof,"An early implementation by Suradath and Akara~\cite{bangnikrai2022blockchain} proposed NFTCowCertV1, which leveraged Ethereum’s ERC-721 standard and IPFS to issue tamper-proof digi",SUPPORTED — VERIFIED LITERATURE,describes prior V1 work,§2,retained,none,,-
C049,,,101,tamper-proof,General-purpose L2 platforms have also been considered for identity and supply-chain uses: Polygon zkEVM for decentralized identity and supply-chain systems~\cite{polygon2024zkEVM},SUPPORTED — VERIFIED LITERATURE,describes prior V1 work,§2,retained,none,,-
C050,,,398,reliable,"To further support inferential validity, bootstrap-based 95\% confidence intervals (CI) were computed over per-transaction samples using non-parametric resampling. This approach av",BOUNDED / QUALIFIED,context-dependent; audited for scope,various,retained,bounded,,-
C051,,,631,generaliz,"Third, all cost/fee figures are derived from public-testnet measurements (Ethereum Sepolia and zkSync Era Sepolia). Effective gas prices and the resulting native-token fee estimate",BOUNDED / QUALIFIED,context-dependent; audited for scope,various,retained,bounded,,-
C052,,,639,generaliz,"Finally, although NFTCowCert V2 is architecturally domain-extensible, empirical validation in this study is limited to the livestock pedigree certification use case. Cross-domain e",BOUNDED / QUALIFIED,context-dependent; audited for scope,various,retained,bounded,,-
C053,,,644,generaliz,"\subsection{Implications, Generalizability, and Research Outlook}",BOUNDED / QUALIFIED,context-dependent; audited for scope,various,retained,bounded,,-
C054,,,696,generaliz,"Although NFTCowCert V2 is designed to be domain-extensible, this study does not claim cross-domain generalizability as an experimental result. Instead, applicability to other domai",BOUNDED / QUALIFIED,context-dependent; audited for scope,various,retained,bounded,,-
C055,,,65,first,"By framing NFTCowCert V2 as a Layer-2-based certification framework instantiated and evaluated through a livestock pedigree case study, this work contributes in three key aspects. ",BOUNDED / QUALIFIED,context-dependent; audited for scope,various,retained,bounded,,-
C056,,,106,first,"Table~\ref{tab:related-comparison} summarizes the reviewed systems along dimensions relevant to this study. Two observations follow. First, NFT-based certificate systems such as NF",BOUNDED / QUALIFIED,context-dependent; audited for scope,various,retained,bounded,,-
C057,,,440,first,where $N_{\mathrm{success}}$ is the number of successfully confirmed operations and $T_{\mathrm{batch}}$ is the elapsed wall-clock time from submission of the first transaction to ,BOUNDED / QUALIFIED,context-dependent; audited for scope,various,retained,bounded,,-
C058,,,627,first,"First, the experiments were conducted under controlled batch execution conditions, where each certificate operation was executed as a single batch for $N \in \{100, 500, 1{,}000\}$",BOUNDED / QUALIFIED,context-dependent; audited for scope,various,retained,bounded,,-
C059,,,646,first,"Three key implications follow from these findings. First, executing certificate-oriented workloads on a validity-rollup Layer-2 (zkSync Era) rather than directly on Layer-1 was ass",BOUNDED / QUALIFIED,context-dependent; audited for scope,various,retained,bounded,,-
C060,,,711,first,"All authors contributed to the study conception and design. Material preparation, data collection, and analysis were performed by Suradath Bangnikrai. The first draft of the manusc",BOUNDED / QUALIFIED,context-dependent; audited for scope,various,retained,bounded,,-
C061,,,117,revoke,\textbf{Work} & \textbf{Domain} & \textbf{Exec.} & \textbf{Lifecycle} & \textbf{Suspend} & \textbf{Revoke} & \textbf{Storage} & \textbf{L2} & \textbf{Evaluation} & \textbf{Artifact,CONCEPTUAL / FUTURE WORK,labeled not implemented/evaluated,§3.1/tables,retained,labeled,,"R1-14,R2-01"
C062,,,180,revoke,"A read-only query operation, \textit{fetch}, is used to inspect certificate state but is not a lifecycle transition and therefore does not belong to $A$. Permanent \textit{revocati",CONCEPTUAL / FUTURE WORK,labeled not implemented/evaluated,§3.1/tables,retained,labeled,,"R1-14,R2-01"
C063,,,681,revoke,revocation (not implemented/evaluated) & invalidated pedigree certificate & withdrawn credential & revoked professional license \\,CONCEPTUAL / FUTURE WORK,labeled not implemented/evaluated,§3.1/tables,retained,labeled,,"R1-14,R2-01"
C064,,,180,Revoked,"A read-only query operation, \textit{fetch}, is used to inspect certificate state but is not a lifecycle transition and therefore does not belong to $A$. Permanent \textit{revocati",CONCEPTUAL / FUTURE WORK,labeled not implemented/evaluated,§3.1/tables,retained,labeled,,"R1-14,R2-01"
C065,,,681,Revoked,revocation (not implemented/evaluated) & invalidated pedigree certificate & withdrawn credential & revoked professional license \\,CONCEPTUAL / FUTURE WORK,labeled not implemented/evaluated,§3.1/tables,retained,labeled,,"R1-14,R2-01"
C066,,,160,content-addressed,\item $metadataHash \in \mathbb{H}$ references content-addressed metadata.,SUPPORTED — CODE,CID from ipfs.add; tokenURI ipfs://,§4.3,retained,none,,R2-06
C067,,,274,content-addressed,The prototype maps the abstract lifecycle model and layered architecture onto a concrete execution environment based on a Layer-2 validity-rollup architecture. Fig.~\ref{fig:flow} ,SUPPORTED — CODE,CID from ipfs.add; tokenURI ipfs://,§4.3,retained,none,,R2-06
C068,,,598,content-addressed,"Nevertheless, these performance gains are accompanied by distinct security and trust trade-offs arising from the architectural separation between execution and settlement. Current ",SUPPORTED — CODE,CID from ipfs.add; tokenURI ipfs://,§4.3,retained,none,,R2-06
C069,,,602,content-addressed,The evaluated prototype uses a local IPFS node (HTTP API at \texttt{localhost:5001}) for controlled metadata publication and retrieval. Metadata is content-addressed: the returned ,SUPPORTED — CODE,CID from ipfs.add; tokenURI ipfs://,§4.3,retained,none,,R2-06
C070,,,692,content-addressed,"This study presented NFTCowCert V2, a Layer-2-based digital certification framework for lifecycle-aware certificate management. Built on zkSync's validity-rollup architecture and c",SUPPORTED — CODE,CID from ipfs.add; tokenURI ipfs://,§4.3,retained,none,,R2-06
