experiment_id,run_id,repeat_index,timestamp_utc,network,chain_id,rpc_provider,operation,N,concurrency,token_id,tx_hash,submit_time_ms,receipt_time_ms,latency_ms,gas_used,effective_gas_price,transaction_cost_native,status,attempt_number,retry_count,error_type,error_message,block_number
pilot_1790477442205,mint_N5_c1,0,2026-09-27T02:50:42.596Z,hardhat,31337,hardhat,mint,5,1,1,0x69ea704a9383ae7b87985baf3082de9a48e02d822a5b0a60b92e48b14bf2a2df,1083.05675,1089.08275,6.026000000000067,240030,1779937933,,success,1,0,,,2
pilot_1790477442205,mint_N5_c1,0,2026-09-27T02:50:42.598Z,hardhat,31337,hardhat,mint,5,1,2,0x491333db58798b12333ff5be957571d6b1f054d046c028737e3cff4ccb47390b,1089.159833,1091.719542,2.5597090000001117,205830,1683225727,,success,1,0,,,3
pilot_1790477442205,mint_N5_c1,0,2026-09-27T02:50:42.602Z,hardhat,31337,hardhat,mint,5,1,3,0x6b23f2074542f7436785462b39950eef0c9b1ee55598fe0cfe57b048273fddd0,1091.73675,1095.112375,3.3756249999999,205830,1598408463,,success,1,0,,,4
pilot_1790477442205,mint_N5_c1,0,2026-09-27T02:50:42.604Z,hardhat,31337,hardhat,mint,5,1,4,0x75fe9ac2d1233fc2519c8da05ffcbb7cc161af5e5403a6148e14cfba61236f29,1095.1305,1097.404958,2.274458000000095,205830,1524120616,,success,1,0,,,5
pilot_1790477442205,mint_N5_c1,0,2026-09-27T02:50:42.606Z,hardhat,31337,hardhat,mint,5,1,5,0x3151fba0475aa20e7608c6bab31f6675d8bbda7d6730d945b1acec291e77a758,1097.419375,1099.53725,2.11787500000014,205830,1459055038,,success,1,0,,,6
pilot_1790477442205,mint_N5_c2,0,2026-09-27T02:50:42.610Z,hardhat,31337,hardhat,mint,5,2,6,0xf2335cd18f4b8e74179fc1a59f1913e522bdd654d86a667cf310b252f431f5a0,1100.245917,1103.054667,2.8087500000001455,205830,1402066856,,success,1,0,,,7
pilot_1790477442205,mint_N5_c2,0,2026-09-27T02:50:42.611Z,hardhat,31337,hardhat,mint,5,2,7,0x2f94d85a322eed03a8cb78e6455bf90ccece6627144b139870ac08b30f8479b6,1100.428583,1104.380792,3.952209000000039,205830,1352153322,,success,1,0,,,8
pilot_1790477442205,mint_N5_c2,0,2026-09-27T02:50:42.614Z,hardhat,31337,hardhat,mint,5,2,8,0x5bb7b6242842facf6da188ed8938237918214daab8aaffd9302044067afbc4a8,1103.070625,1107.153,4.082374999999956,205830,1308436173,,success,1,0,,,9
pilot_1790477442205,mint_N5_c2,0,2026-09-27T02:50:42.616Z,hardhat,31337,hardhat,mint,5,2,9,0xf7ebda2af2f07e2b1dad9cf58fa5d0740dc77f8d906046fc9e0892987c53267b,1104.395042,1109.360792,4.965749999999844,205830,1270146174,,success,1,0,,,10
pilot_1790477442205,mint_N5_c2,0,2026-09-27T02:50:42.617Z,hardhat,31337,hardhat,mint,5,2,10,0xea18612a8bff63bcb989bb2e63961af35802463dae5867aac2fbee833d4cca8a,1107.175542,1110.755875,3.5803330000001097,205830,1236609587,,success,1,0,,,11
pilot_1790477442205,mint_N5_c4,0,2026-09-27T02:50:42.623Z,hardhat,31337,hardhat,mint,5,4,11,0x1eed6f3f5f46f6053a414d9e0679c253e6ea592f050a62cfd416e2047a5019bc,1111.11925,1116.352375,5.233124999999973,205830,1207236311,,success,1,0,,,12
pilot_1790477442205,mint_N5_c4,0,2026-09-27T02:50:42.624Z,hardhat,31337,hardhat,mint,5,4,12,0xd78d76c33f091bb893fc8f779a438f6988e55b128055c1b3c4f32c7157f17ebe,1111.3825,1117.867667,6.485167000000047,205830,1181509504,,success,1,0,,,13
pilot_1790477442205,mint_N5_c4,0,2026-09-27T02:50:42.625Z,hardhat,31337,hardhat,mint,5,4,13,0xd46a10cec30a39cbc4b1400f501a9c33c73a2e178298b05da3775ad237c242c9,1111.541375,1118.801,7.2596249999999145,205830,1158976484,,success,1,0,,,14
pilot_1790477442205,mint_N5_c4,0,2026-09-27T02:50:42.626Z,hardhat,31337,hardhat,mint,5,4,14,0x8eb2f96bee0003d0ef4813957aaffe744bf05a334bc3f862ed93b195833aeb3d,1111.715875,1119.754458,8.038583000000017,205818,1139240766,,success,1,0,,,15
pilot_1790477442205,mint_N5_c4,0,2026-09-27T02:50:42.630Z,hardhat,31337,hardhat,mint,5,4,15,0xb9b0b2b99375842a531da526a168894feb6f1ad71ec44630e8723a085e71d253,1116.384417,1123.444708,7.0602910000000065,205830,1121955080,,success,1,0,,,16
pilot_1790477442205,mint_N10_c1,0,2026-09-27T02:50:42.632Z,hardhat,31337,hardhat,mint,10,1,16,0x14e7c8a6d2051257761f674100c2f8f17c78c0ee1eb9fcb7fb56ffba7ddabdf0,1123.694708,1125.816583,2.1218750000000455,205842,1106815287,,success,1,0,,,17
pilot_1790477442205,mint_N10_c1,0,2026-09-27T02:50:42.634Z,hardhat,31337,hardhat,mint,10,1,17,0x56d54f698854d903fc4e24c382476e9c73a1768a94f9269d35ba8010c863b930,1125.832667,1127.793,1.9603329999999914,205842,1093554989,,success,1,0,,,18
pilot_1790477442205,mint_N10_c1,0,2026-09-27T02:50:42.637Z,hardhat,31337,hardhat,mint,10,1,18,0x63f406f6844e20376c69c6348eb72a8e7f6205f9ba445f68712b567adee8183e,1127.798875,1130.128458,2.329582999999957,205842,1081940856,,success,1,0,,,19
pilot_1790477442205,mint_N10_c1,0,2026-09-27T02:50:42.639Z,hardhat,31337,hardhat,mint,10,1,19,0x97998339d06c96e9d66c56602f707a66d206d840d71f4373dc372911aae9859e,1130.134625,1132.756333,2.621708000000126,205842,1071768528,,success,1,0,,,20
pilot_1790477442205,mint_N10_c1,0,2026-09-27T02:50:42.642Z,hardhat,31337,hardhat,mint,10,1,20,0x5b0640d6906c60c0a7bf936040a349ac98081a87902dcfb3e80cced1640b1518,1132.765208,1135.0745,2.309291999999914,205842,1062859017,,success,1,0,,,21
pilot_1790477442205,mint_N10_c1,0,2026-09-27T02:50:42.644Z,hardhat,31337,hardhat,mint,10,1,21,0xad997e4ede6405314bfec3cb7b410aa8eca1d939e7a719c6814d13ec8d6b35ce,1135.084208,1137.132875,2.048667000000023,205842,1055055553,,success,1,0,,,22
pilot_1790477442205,mint_N10_c1,0,2026-09-27T02:50:42.646Z,hardhat,31337,hardhat,mint,10,1,22,0x6763077e5b8cecdbea06f8dd706f43561a955ddbe803adab53970b43c81d582c,1137.138208,1139.177375,2.0391669999999067,205842,1048220829,,success,1,0,,,23
pilot_1790477442205,mint_N10_c1,0,2026-09-27T02:50:42.648Z,hardhat,31337,hardhat,mint,10,1,23,0x27f4d1da5034b56d1b7e0ed00cd9c3e5219ad83a6b147864ebd97b56eff2179b,1139.183625,1141.277958,2.094333000000006,205830,1042234584,,success,1,0,,,24
pilot_1790477442205,mint_N10_c1,0,2026-09-27T02:50:42.650Z,hardhat,31337,hardhat,mint,10,1,24,0xfa1688badcb534dc1065ffb03deeca2640a0799243a9a15639de972f0a825466,1141.282417,1143.225167,1.94275000000016,205842,1036991483,,success,1,0,,,25
pilot_1790477442205,mint_N10_c1,0,2026-09-27T02:50:42.652Z,hardhat,31337,hardhat,mint,10,1,25,0xf86df74794b6339c40533993497be0a3177caa94d825a14438fdfb86a7ed5f3a,1143.231292,1145.356583,2.125291000000061,205842,1032399275,,success,1,0,,,26
pilot_1790477442205,mint_N10_c2,0,2026-09-27T02:50:42.656Z,hardhat,31337,hardhat,mint,10,2,26,0xbde14deb8f3b4498016d7b123d072e6b985cbee32843d3d553db0f7f4f1390c3,1145.73525,1149.029333,3.2940830000000005,205842,1028377154,,success,1,0,,,27
pilot_1790477442205,mint_N10_c2,0,2026-09-27T02:50:42.658Z,hardhat,31337,hardhat,mint,10,2,27,0xf597144a09a88861177d911c4c4369d14e4dec6f58e4c2da91b15d6b06718405,1145.934708,1151.927292,5.992584000000079,205842,1024854349,,success,1,0,,,28
pilot_1790477442205,mint_N10_c2,0,2026-09-27T02:50:42.660Z,hardhat,31337,hardhat,mint,10,2,28,0x04e5c78a8bff90ed1dd28a6bd96c70ec3d8441a20b38f1646f0c8d501c852918,1149.039667,1153.938,4.898333000000093,205842,1021768873,,success,1,0,,,29
pilot_1790477442205,mint_N10_c2,0,2026-09-27T02:50:42.662Z,hardhat,31337,hardhat,mint,10,2,29,0x9d67863e2fee7937b9e51e583cdc8aa29e4fda890b344d29ab18527cf856a306,1151.93225,1155.36675,3.4344999999998436,205842,1019066435,,success,1,0,,,30
pilot_1790477442205,mint_N10_c2,0,2026-09-27T02:50:42.664Z,hardhat,31337,hardhat,mint,10,2,30,0x90bce5f06f3dbbf498228c64fd31e8c4ecca5da538537b39ab681d0b46d8a1ee,1153.9475,1157.170708,3.2232080000001133,205842,1016699484,,success,1,0,,,31
pilot_1790477442205,mint_N10_c2,0,2026-09-27T02:50:42.666Z,hardhat,31337,hardhat,mint,10,2,31,0x32fe58153ea9b96ecc4030304bec08835777618fb6b428d2e7abdb38005e721c,1155.370833,1159.103375,3.7325419999999667,205842,1014626372,,success,1,0,,,32
pilot_1790477442205,mint_N10_c2,0,2026-09-27T02:50:42.667Z,hardhat,31337,hardhat,mint,10,2,32,0x4c3c8b3e394e7caf7a1eabf396bcb8912dc50f0275e10527cefdf1fb7159f3ed,1157.1795,1160.60975,3.4302500000001146,205842,1012810621,,success,1,0,,,33
pilot_1790477442205,mint_N10_c2,0,2026-09-27T02:50:42.669Z,hardhat,31337,hardhat,mint,10,2,33,0x873e2a7f65fd1cb02f5c65c387ed47a27bf1f0c2717e521b9fd6e766d99e57e7,1159.108208,1162.50475,3.396541999999954,205842,1011220281,,success,1,0,,,34
pilot_1790477442205,mint_N10_c2,0,2026-09-27T02:50:42.670Z,hardhat,31337,hardhat,mint,10,2,34,0x2bd709b14ceaab39084d054cc0d84191a8faed1bac9ee6db3e4e699b1d0685c4,1160.614542,1163.700625,3.086082999999917,205830,1009827370,,success,1,0,,,35
pilot_1790477442205,mint_N10_c2,0,2026-09-27T02:50:42.672Z,hardhat,31337,hardhat,mint,10,2,35,0xf916d6fd2599cf5d85b8fecc1e0a21ccde04238ef031b6307a74bbe8fb8b92cd,1162.511458,1165.653792,3.142334000000119,205842,1008607377,,success,1,0,,,36
pilot_1790477442205,mint_N10_c4,0,2026-09-27T02:50:42.677Z,hardhat,31337,hardhat,mint,10,4,36,0x6bfcaec6dc7ad011b668c0635e10ecc7dbc4d65ed7aaf5c546979b6edf794960,1165.945542,1169.955417,4.009874999999965,205842,1007538838,,success,1,0,,,37
pilot_1790477442205,mint_N10_c4,0,2026-09-27T02:50:42.678Z,hardhat,31337,hardhat,mint,10,4,37,0xa150ec28dbad381f4e8f79be33afad539ebfe31b5c899936aadbe7963c32ba45,1166.210625,1171.100625,4.8900000000001,205842,1006602950,,success,1,0,,,38
pilot_1790477442205,mint_N10_c4,0,2026-09-27T02:50:42.679Z,hardhat,31337,hardhat,mint,10,4,38,0x1f5773f3bbda6e449f6471cddd6c0e1c3a9a59c40691a451f33f693cdca93779,1166.355375,1172.482792,6.127416999999923,205842,1005783245,,success,1,0,,,39
pilot_1790477442205,mint_N10_c4,0,2026-09-27T02:50:42.682Z,hardhat,31337,hardhat,mint,10,4,39,0x8a08fc3745e99995c7a07b88394a9764ff296be20bc3137da97aae49b96f4724,1166.497125,1174.994542,8.497416999999814,205842,1005065300,,success,1,0,,,40
pilot_1790477442205,mint_N10_c4,0,2026-09-27T02:50:42.684Z,hardhat,31337,hardhat,mint,10,4,40,0xc50903b9898440178c7482d5452c7c8cd4a040bf8ee97c6e1b3c915a5acf4a66,1169.964417,1177.821625,7.857208000000128,205842,1004436482,,success,1,0,,,41
pilot_1790477442205,mint_N10_c4,0,2026-09-27T02:50:42.686Z,hardhat,31337,hardhat,mint,10,4,41,0xdb3a8dbec3e197c18b7355ef67f292ecaf5f5215b39e81f422ba375f9117c8ee,1171.103625,1179.157833,8.054208000000017,205842,1003885727,,success,1,0,,,42
pilot_1790477442205,mint_N10_c4,0,2026-09-27T02:50:42.687Z,hardhat,31337,hardhat,mint,10,4,42,0xbf8c6d1c2579f41c98798da737f165162ae5e68e3df55cbeb30e0f0624b4fa00,1172.488542,1180.369333,7.880791000000045,205830,1003403344,,success,1,0,,,43
pilot_1790477442205,mint_N10_c4,0,2026-09-27T02:50:42.688Z,hardhat,31337,hardhat,mint,10,4,43,0x5ba25a060a335ca9a0561beee2f1c8d4027bf92b31d7cd9bad48ad3128332234,1175.001583,1181.701375,6.699792000000116,205842,1002980845,,success,1,0,,,44
pilot_1790477442205,mint_N10_c4,0,2026-09-27T02:50:42.690Z,hardhat,31337,hardhat,mint,10,4,44,0xe7a55f5af27f8b1f6965ac1436733653e0f748f1862549d2e6923d7f0f3e7375,1177.827458,1183.307833,5.480375000000095,205842,1002610796,,success,1,0,,,45
pilot_1790477442205,mint_N10_c4,0,2026-09-27T02:50:42.691Z,hardhat,31337,hardhat,mint,10,4,45,0x42e46c0fb89a76442d458b6ecbfc47352f558a1b31e1e2471707aa6b90535d92,1179.163917,1184.196917,5.032999999999902,205842,1002286686,,success,1,0,,,46
